Employee ID,Name,Department,Designation,Email,Phone,Date of Birth,Joining Date,Folder,Photo,Aadhaar,PAN,10th,12th,TC,Degree,Experience
EMP1001,Nila I,Sales,HR Executive,emp1001@example.com,9557981564,19-07-2000,26-04-2022,EMP1001,EMP1001/photo.jpg,EMP1001/aadhaar.pdf,EMP1001/pan.pdf,EMP1001/tenth.pdf,EMP1001/twelfth.pdf,EMP1001/tc.pdf,EMP1001/degree.pdf,EMP1001/experience.pdf
EMP1002,Guru K,Finance,AI Engineer,emp1002@example.com,9930565144,04-09-1994,14-04-2020,EMP1002,EMP1002/photo.jpg,EMP1002/aadhaar.pdf,EMP1002/pan.pdf,EMP1002/tenth.pdf,EMP1002/twelfth.pdf,EMP1002/tc.pdf,EMP1002/degree.pdf,EMP1002/experience.pdf
EMP1003,Rahul C,AI,AI Engineer,emp1003@example.com,9622659592,17-06-1997,23-02-2023,EMP1003,EMP1003/photo.jpg,EMP1003/aadhaar.pdf,EMP1003/pan.pdf,EMP1003/tenth.pdf,EMP1003/twelfth.pdf,EMP1003/tc.pdf,EMP1003/degree.pdf,EMP1003/experience.pdf
EMP1004,Aarav B,AI,Developer,emp1004@example.com,9779309544,13-07-1993,10-05-2024,EMP1004,EMP1004/photo.jpg,EMP1004/aadhaar.pdf,EMP1004/pan.pdf,EMP1004/tenth.pdf,EMP1004/twelfth.pdf,EMP1004/tc.pdf,EMP1004/degree.pdf,EMP1004/experience.pdf
EMP1005,Riya B,Finance,Data Analyst,emp1005@example.com,9036610844,17-02-1998,08-11-2024,EMP1005,EMP1005/photo.jpg,EMP1005/aadhaar.pdf,EMP1005/pan.pdf,EMP1005/tenth.pdf,EMP1005/twelfth.pdf,EMP1005/tc.pdf,EMP1005/degree.pdf,EMP1005/experience.pdf
EMP1006,Vihaan B,AI,Developer,emp1006@example.com,9437792123,06-01-1997,16-12-2021,EMP1006,EMP1006/photo.jpg,EMP1006/aadhaar.pdf,EMP1006/pan.pdf,EMP1006/tenth.pdf,EMP1006/twelfth.pdf,EMP1006/tc.pdf,EMP1006/degree.pdf,EMP1006/experience.pdf
EMP1007,Kavin B,AI,Software Engineer,emp1007@example.com,9311548460,28-10-1990,18-10-2020,EMP1007,EMP1007/photo.jpg,EMP1007/aadhaar.pdf,EMP1007/pan.pdf,EMP1007/tenth.pdf,EMP1007/twelfth.pdf,EMP1007/tc.pdf,EMP1007/degree.pdf,EMP1007/experience.pdf
EMP1008,Vihaan M,Finance,Developer,emp1008@example.com,9573130724,20-05-1996,21-06-2020,EMP1008,EMP1008/photo.jpg,EMP1008/aadhaar.pdf,EMP1008/pan.pdf,EMP1008/tenth.pdf,EMP1008/twelfth.pdf,EMP1008/tc.pdf,EMP1008/degree.pdf,EMP1008/experience.pdf
EMP1009,Vihaan Y,HR,Software Engineer,emp1009@example.com,9747490511,19-03-1999,16-07-2021,EMP1009,EMP1009/photo.jpg,EMP1009/aadhaar.pdf,EMP1009/pan.pdf,EMP1009/tenth.pdf,EMP1009/twelfth.pdf,EMP1009/tc.pdf,EMP1009/degree.pdf,EMP1009/experience.pdf
EMP1010,Nila K,Sales,Manager,emp1010@example.com,9687959777,01-09-2001,21-04-2025,EMP1010,EMP1010/photo.jpg,EMP1010/aadhaar.pdf,EMP1010/pan.pdf,EMP1010/tenth.pdf,EMP1010/twelfth.pdf,EMP1010/tc.pdf,EMP1010/degree.pdf,EMP1010/experience.pdf
EMP1011,Guru E,HR,Data Analyst,emp1011@example.com,9487567020,15-06-1992,12-10-2020,EMP1011,EMP1011/photo.jpg,EMP1011/aadhaar.pdf,EMP1011/pan.pdf,EMP1011/tenth.pdf,EMP1011/twelfth.pdf,EMP1011/tc.pdf,EMP1011/degree.pdf,EMP1011/experience.pdf
EMP1012,Guru G,Finance,Software Engineer,emp1012@example.com,9869654671,27-01-1997,15-08-2025,EMP1012,EMP1012/photo.jpg,EMP1012/aadhaar.pdf,EMP1012/pan.pdf,EMP1012/tenth.pdf,EMP1012/twelfth.pdf,EMP1012/tc.pdf,EMP1012/degree.pdf,EMP1012/experience.pdf
EMP1013,Aarav K,Sales,HR Executive,emp1013@example.com,9669026555,11-06-1994,03-04-2023,EMP1013,EMP1013/photo.jpg,EMP1013/aadhaar.pdf,EMP1013/pan.pdf,EMP1013/tenth.pdf,EMP1013/twelfth.pdf,EMP1013/tc.pdf,EMP1013/degree.pdf,EMP1013/experience.pdf
EMP1014,Arjun O,Support,AI Engineer,emp1014@example.com,9041013031,04-04-1995,24-09-2022,EMP1014,EMP1014/photo.jpg,EMP1014/aadhaar.pdf,EMP1014/pan.pdf,EMP1014/tenth.pdf,EMP1014/twelfth.pdf,EMP1014/tc.pdf,EMP1014/degree.pdf,EMP1014/experience.pdf
EMP1015,Kavin X,AI,HR Executive,emp1015@example.com,9579222363,08-07-2001,04-06-2025,EMP1015,EMP1015/photo.jpg,EMP1015/aadhaar.pdf,EMP1015/pan.pdf,EMP1015/tenth.pdf,EMP1015/twelfth.pdf,EMP1015/tc.pdf,EMP1015/degree.pdf,EMP1015/experience.pdf
EMP1016,Guru A,IT,Data Analyst,emp1016@example.com,9578897421,12-09-1996,01-08-2024,EMP1016,EMP1016/photo.jpg,EMP1016/aadhaar.pdf,EMP1016/pan.pdf,EMP1016/tenth.pdf,EMP1016/twelfth.pdf,EMP1016/tc.pdf,EMP1016/degree.pdf,EMP1016/experience.pdf
EMP1017,Sai O,HR,HR Executive,emp1017@example.com,9521431351,10-03-1995,07-06-2023,EMP1017,EMP1017/photo.jpg,EMP1017/aadhaar.pdf,EMP1017/pan.pdf,EMP1017/tenth.pdf,EMP1017/twelfth.pdf,EMP1017/tc.pdf,EMP1017/degree.pdf,EMP1017/experience.pdf
EMP1018,Nila C,Sales,Developer,emp1018@example.com,9255468536,06-05-2001,24-11-2024,EMP1018,EMP1018/photo.jpg,EMP1018/aadhaar.pdf,EMP1018/pan.pdf,EMP1018/tenth.pdf,EMP1018/twelfth.pdf,EMP1018/tc.pdf,EMP1018/degree.pdf,EMP1018/experience.pdf
EMP1019,Guru M,AI,AI Engineer,emp1019@example.com,9267720115,13-09-1996,06-03-2024,EMP1019,EMP1019/photo.jpg,EMP1019/aadhaar.pdf,EMP1019/pan.pdf,EMP1019/tenth.pdf,EMP1019/twelfth.pdf,EMP1019/tc.pdf,EMP1019/degree.pdf,EMP1019/experience.pdf
EMP1020,Rahul S,AI,Manager,emp1020@example.com,9096341125,14-04-1997,12-11-2020,EMP1020,EMP1020/photo.jpg,EMP1020/aadhaar.pdf,EMP1020/pan.pdf,EMP1020/tenth.pdf,EMP1020/twelfth.pdf,EMP1020/tc.pdf,EMP1020/degree.pdf,EMP1020/experience.pdf
EMP1021,Vihaan P,Support,HR Executive,emp1021@example.com,9323048109,14-08-2002,24-04-2023,EMP1021,EMP1021/photo.jpg,EMP1021/aadhaar.pdf,EMP1021/pan.pdf,EMP1021/tenth.pdf,EMP1021/twelfth.pdf,EMP1021/tc.pdf,EMP1021/degree.pdf,EMP1021/experience.pdf
EMP1022,Priya Z,Sales,HR Executive,emp1022@example.com,9257796806,01-09-1994,20-05-2021,EMP1022,EMP1022/photo.jpg,EMP1022/aadhaar.pdf,EMP1022/pan.pdf,EMP1022/tenth.pdf,EMP1022/twelfth.pdf,EMP1022/tc.pdf,EMP1022/degree.pdf,EMP1022/experience.pdf
EMP1023,Sai J,IT,HR Executive,emp1023@example.com,9564969434,28-05-1999,07-12-2025,EMP1023,EMP1023/photo.jpg,EMP1023/aadhaar.pdf,EMP1023/pan.pdf,EMP1023/tenth.pdf,EMP1023/twelfth.pdf,EMP1023/tc.pdf,EMP1023/degree.pdf,EMP1023/experience.pdf
EMP1024,Kavin V,Support,Developer,emp1024@example.com,9364818911,22-09-2001,03-08-2022,EMP1024,EMP1024/photo.jpg,EMP1024/aadhaar.pdf,EMP1024/pan.pdf,EMP1024/tenth.pdf,EMP1024/twelfth.pdf,EMP1024/tc.pdf,EMP1024/degree.pdf,EMP1024/experience.pdf
EMP1025,Kavin I,IT,Data Analyst,emp1025@example.com,9016832244,24-05-1999,23-05-2022,EMP1025,EMP1025/photo.jpg,EMP1025/aadhaar.pdf,EMP1025/pan.pdf,EMP1025/tenth.pdf,EMP1025/twelfth.pdf,EMP1025/tc.pdf,EMP1025/degree.pdf,EMP1025/experience.pdf
EMP1026,Ananya Z,IT,Software Engineer,emp1026@example.com,9373513536,11-08-1991,27-09-2021,EMP1026,EMP1026/photo.jpg,EMP1026/aadhaar.pdf,EMP1026/pan.pdf,EMP1026/tenth.pdf,EMP1026/twelfth.pdf,EMP1026/tc.pdf,EMP1026/degree.pdf,EMP1026/experience.pdf
EMP1027,Vihaan Y,Support,Manager,emp1027@example.com,9477022755,03-11-1990,10-08-2022,EMP1027,EMP1027/photo.jpg,EMP1027/aadhaar.pdf,EMP1027/pan.pdf,EMP1027/tenth.pdf,EMP1027/twelfth.pdf,EMP1027/tc.pdf,EMP1027/degree.pdf,EMP1027/experience.pdf
EMP1028,Sai B,HR,Manager,emp1028@example.com,9769505361,17-10-1995,28-12-2024,EMP1028,EMP1028/photo.jpg,EMP1028/aadhaar.pdf,EMP1028/pan.pdf,EMP1028/tenth.pdf,EMP1028/twelfth.pdf,EMP1028/tc.pdf,EMP1028/degree.pdf,EMP1028/experience.pdf
EMP1029,Aarav H,Sales,Developer,emp1029@example.com,9168902234,16-09-2002,22-10-2024,EMP1029,EMP1029/photo.jpg,EMP1029/aadhaar.pdf,EMP1029/pan.pdf,EMP1029/tenth.pdf,EMP1029/twelfth.pdf,EMP1029/tc.pdf,EMP1029/degree.pdf,EMP1029/experience.pdf
EMP1030,Arjun N,HR,Developer,emp1030@example.com,9401107561,22-01-1991,09-01-2022,EMP1030,EMP1030/photo.jpg,EMP1030/aadhaar.pdf,EMP1030/pan.pdf,EMP1030/tenth.pdf,EMP1030/twelfth.pdf,EMP1030/tc.pdf,EMP1030/degree.pdf,EMP1030/experience.pdf
EMP1031,Rahul X,HR,Data Analyst,emp1031@example.com,9010322494,08-11-1994,23-01-2025,EMP1031,EMP1031/photo.jpg,EMP1031/aadhaar.pdf,EMP1031/pan.pdf,EMP1031/tenth.pdf,EMP1031/twelfth.pdf,EMP1031/tc.pdf,EMP1031/degree.pdf,EMP1031/experience.pdf
EMP1032,Aarav Y,AI,HR Executive,emp1032@example.com,9853523118,18-06-1990,16-06-2024,EMP1032,EMP1032/photo.jpg,EMP1032/aadhaar.pdf,EMP1032/pan.pdf,EMP1032/tenth.pdf,EMP1032/twelfth.pdf,EMP1032/tc.pdf,EMP1032/degree.pdf,EMP1032/experience.pdf
EMP1033,Priya W,HR,Software Engineer,emp1033@example.com,9353473439,23-02-2000,03-08-2020,EMP1033,EMP1033/photo.jpg,EMP1033/aadhaar.pdf,EMP1033/pan.pdf,EMP1033/tenth.pdf,EMP1033/twelfth.pdf,EMP1033/tc.pdf,EMP1033/degree.pdf,EMP1033/experience.pdf
EMP1034,Kavin Y,IT,HR Executive,emp1034@example.com,9021132981,01-11-1998,28-12-2024,EMP1034,EMP1034/photo.jpg,EMP1034/aadhaar.pdf,EMP1034/pan.pdf,EMP1034/tenth.pdf,EMP1034/twelfth.pdf,EMP1034/tc.pdf,EMP1034/degree.pdf,EMP1034/experience.pdf
EMP1035,Meena J,Sales,Software Engineer,emp1035@example.com,9577032766,21-04-1998,12-02-2024,EMP1035,EMP1035/photo.jpg,EMP1035/aadhaar.pdf,EMP1035/pan.pdf,EMP1035/tenth.pdf,EMP1035/twelfth.pdf,EMP1035/tc.pdf,EMP1035/degree.pdf,EMP1035/experience.pdf
EMP1036,Aarav Y,HR,HR Executive,emp1036@example.com,9072012306,18-09-1991,12-05-2023,EMP1036,EMP1036/photo.jpg,EMP1036/aadhaar.pdf,EMP1036/pan.pdf,EMP1036/tenth.pdf,EMP1036/twelfth.pdf,EMP1036/tc.pdf,EMP1036/degree.pdf,EMP1036/experience.pdf
EMP1037,Vihaan B,Sales,Software Engineer,emp1037@example.com,9208916822,25-10-2001,17-12-2021,EMP1037,EMP1037/photo.jpg,EMP1037/aadhaar.pdf,EMP1037/pan.pdf,EMP1037/tenth.pdf,EMP1037/twelfth.pdf,EMP1037/tc.pdf,EMP1037/degree.pdf,EMP1037/experience.pdf
EMP1038,Aarav F,AI,Manager,emp1038@example.com,9687467827,21-02-1993,04-12-2020,EMP1038,EMP1038/photo.jpg,EMP1038/aadhaar.pdf,EMP1038/pan.pdf,EMP1038/tenth.pdf,EMP1038/twelfth.pdf,EMP1038/tc.pdf,EMP1038/degree.pdf,EMP1038/experience.pdf
EMP1039,Rahul B,AI,Data Analyst,emp1039@example.com,9359070305,01-09-2001,26-09-2023,EMP1039,EMP1039/photo.jpg,EMP1039/aadhaar.pdf,EMP1039/pan.pdf,EMP1039/tenth.pdf,EMP1039/twelfth.pdf,EMP1039/tc.pdf,EMP1039/degree.pdf,EMP1039/experience.pdf
EMP1040,Meena W,IT,Manager,emp1040@example.com,9812597189,17-09-1991,03-01-2025,EMP1040,EMP1040/photo.jpg,EMP1040/aadhaar.pdf,EMP1040/pan.pdf,EMP1040/tenth.pdf,EMP1040/twelfth.pdf,EMP1040/tc.pdf,EMP1040/degree.pdf,EMP1040/experience.pdf
EMP1041,Sai Z,Sales,Developer,emp1041@example.com,9823488866,14-08-1990,03-04-2025,EMP1041,EMP1041/photo.jpg,EMP1041/aadhaar.pdf,EMP1041/pan.pdf,EMP1041/tenth.pdf,EMP1041/twelfth.pdf,EMP1041/tc.pdf,EMP1041/degree.pdf,EMP1041/experience.pdf
EMP1042,Vihaan W,IT,HR Executive,emp1042@example.com,9397107644,08-12-1990,18-06-2025,EMP1042,EMP1042/photo.jpg,EMP1042/aadhaar.pdf,EMP1042/pan.pdf,EMP1042/tenth.pdf,EMP1042/twelfth.pdf,EMP1042/tc.pdf,EMP1042/degree.pdf,EMP1042/experience.pdf
EMP1043,Ananya E,Sales,AI Engineer,emp1043@example.com,9808382480,17-06-1995,12-07-2023,EMP1043,EMP1043/photo.jpg,EMP1043/aadhaar.pdf,EMP1043/pan.pdf,EMP1043/tenth.pdf,EMP1043/twelfth.pdf,EMP1043/tc.pdf,EMP1043/degree.pdf,EMP1043/experience.pdf
EMP1044,Arjun T,Support,Software Engineer,emp1044@example.com,9794388922,11-03-1996,28-01-2021,EMP1044,EMP1044/photo.jpg,EMP1044/aadhaar.pdf,EMP1044/pan.pdf,EMP1044/tenth.pdf,EMP1044/twelfth.pdf,EMP1044/tc.pdf,EMP1044/degree.pdf,EMP1044/experience.pdf
EMP1045,Ananya Z,IT,AI Engineer,emp1045@example.com,9071514776,03-03-2001,02-06-2021,EMP1045,EMP1045/photo.jpg,EMP1045/aadhaar.pdf,EMP1045/pan.pdf,EMP1045/tenth.pdf,EMP1045/twelfth.pdf,EMP1045/tc.pdf,EMP1045/degree.pdf,EMP1045/experience.pdf
EMP1046,Riya K,Sales,Manager,emp1046@example.com,9931776067,14-01-1994,28-04-2022,EMP1046,EMP1046/photo.jpg,EMP1046/aadhaar.pdf,EMP1046/pan.pdf,EMP1046/tenth.pdf,EMP1046/twelfth.pdf,EMP1046/tc.pdf,EMP1046/degree.pdf,EMP1046/experience.pdf
EMP1047,Priya I,HR,Manager,emp1047@example.com,9855507635,21-06-1995,11-12-2023,EMP1047,EMP1047/photo.jpg,EMP1047/aadhaar.pdf,EMP1047/pan.pdf,EMP1047/tenth.pdf,EMP1047/twelfth.pdf,EMP1047/tc.pdf,EMP1047/degree.pdf,EMP1047/experience.pdf
EMP1048,Vihaan I,HR,AI Engineer,emp1048@example.com,9500827858,25-08-1997,24-11-2025,EMP1048,EMP1048/photo.jpg,EMP1048/aadhaar.pdf,EMP1048/pan.pdf,EMP1048/tenth.pdf,EMP1048/twelfth.pdf,EMP1048/tc.pdf,EMP1048/degree.pdf,EMP1048/experience.pdf
EMP1049,Sai Y,Finance,Software Engineer,emp1049@example.com,9206727078,06-05-1990,04-09-2021,EMP1049,EMP1049/photo.jpg,EMP1049/aadhaar.pdf,EMP1049/pan.pdf,EMP1049/tenth.pdf,EMP1049/twelfth.pdf,EMP1049/tc.pdf,EMP1049/degree.pdf,EMP1049/experience.pdf
EMP1050,Guru W,IT,Manager,emp1050@example.com,9070220778,28-11-1999,26-02-2020,EMP1050,EMP1050/photo.jpg,EMP1050/aadhaar.pdf,EMP1050/pan.pdf,EMP1050/tenth.pdf,EMP1050/twelfth.pdf,EMP1050/tc.pdf,EMP1050/degree.pdf,EMP1050/experience.pdf
EMP1051,Ananya F,Sales,Data Analyst,emp1051@example.com,9355675549,05-05-1990,01-04-2023,EMP1051,EMP1051/photo.jpg,EMP1051/aadhaar.pdf,EMP1051/pan.pdf,EMP1051/tenth.pdf,EMP1051/twelfth.pdf,EMP1051/tc.pdf,EMP1051/degree.pdf,EMP1051/experience.pdf
EMP1052,Meena P,Finance,Software Engineer,emp1052@example.com,9012093682,09-07-2000,15-02-2024,EMP1052,EMP1052/photo.jpg,EMP1052/aadhaar.pdf,EMP1052/pan.pdf,EMP1052/tenth.pdf,EMP1052/twelfth.pdf,EMP1052/tc.pdf,EMP1052/degree.pdf,EMP1052/experience.pdf
EMP1053,Aarav T,Finance,HR Executive,emp1053@example.com,9533551234,19-03-1991,11-12-2022,EMP1053,EMP1053/photo.jpg,EMP1053/aadhaar.pdf,EMP1053/pan.pdf,EMP1053/tenth.pdf,EMP1053/twelfth.pdf,EMP1053/tc.pdf,EMP1053/degree.pdf,EMP1053/experience.pdf
EMP1054,Riya L,Sales,Software Engineer,emp1054@example.com,9927567407,24-04-1991,24-07-2025,EMP1054,EMP1054/photo.jpg,EMP1054/aadhaar.pdf,EMP1054/pan.pdf,EMP1054/tenth.pdf,EMP1054/twelfth.pdf,EMP1054/tc.pdf,EMP1054/degree.pdf,EMP1054/experience.pdf
EMP1055,Rahul Y,IT,HR Executive,emp1055@example.com,9127472851,14-02-2001,18-08-2025,EMP1055,EMP1055/photo.jpg,EMP1055/aadhaar.pdf,EMP1055/pan.pdf,EMP1055/tenth.pdf,EMP1055/twelfth.pdf,EMP1055/tc.pdf,EMP1055/degree.pdf,EMP1055/experience.pdf
EMP1056,Kavin O,IT,HR Executive,emp1056@example.com,9667033130,16-03-1992,19-05-2024,EMP1056,EMP1056/photo.jpg,EMP1056/aadhaar.pdf,EMP1056/pan.pdf,EMP1056/tenth.pdf,EMP1056/twelfth.pdf,EMP1056/tc.pdf,EMP1056/degree.pdf,EMP1056/experience.pdf
EMP1057,Arjun I,HR,Developer,emp1057@example.com,9069803602,12-03-2000,17-08-2025,EMP1057,EMP1057/photo.jpg,EMP1057/aadhaar.pdf,EMP1057/pan.pdf,EMP1057/tenth.pdf,EMP1057/twelfth.pdf,EMP1057/tc.pdf,EMP1057/degree.pdf,EMP1057/experience.pdf
EMP1058,Priya Q,Finance,Developer,emp1058@example.com,9314663754,04-01-1990,12-07-2023,EMP1058,EMP1058/photo.jpg,EMP1058/aadhaar.pdf,EMP1058/pan.pdf,EMP1058/tenth.pdf,EMP1058/twelfth.pdf,EMP1058/tc.pdf,EMP1058/degree.pdf,EMP1058/experience.pdf
EMP1059,Riya J,Sales,Manager,emp1059@example.com,9647966338,04-11-1996,08-12-2020,EMP1059,EMP1059/photo.jpg,EMP1059/aadhaar.pdf,EMP1059/pan.pdf,EMP1059/tenth.pdf,EMP1059/twelfth.pdf,EMP1059/tc.pdf,EMP1059/degree.pdf,EMP1059/experience.pdf
EMP1060,Priya W,Support,Developer,emp1060@example.com,9981361910,18-10-1993,21-10-2024,EMP1060,EMP1060/photo.jpg,EMP1060/aadhaar.pdf,EMP1060/pan.pdf,EMP1060/tenth.pdf,EMP1060/twelfth.pdf,EMP1060/tc.pdf,EMP1060/degree.pdf,EMP1060/experience.pdf
EMP1061,Vihaan K,Support,Manager,emp1061@example.com,9531171261,02-09-1992,19-10-2023,EMP1061,EMP1061/photo.jpg,EMP1061/aadhaar.pdf,EMP1061/pan.pdf,EMP1061/tenth.pdf,EMP1061/twelfth.pdf,EMP1061/tc.pdf,EMP1061/degree.pdf,EMP1061/experience.pdf
EMP1062,Riya W,Finance,Developer,emp1062@example.com,9344436488,26-03-1994,20-03-2020,EMP1062,EMP1062/photo.jpg,EMP1062/aadhaar.pdf,EMP1062/pan.pdf,EMP1062/tenth.pdf,EMP1062/twelfth.pdf,EMP1062/tc.pdf,EMP1062/degree.pdf,EMP1062/experience.pdf
EMP1063,Arjun R,Finance,Software Engineer,emp1063@example.com,9131584875,01-03-2002,08-04-2025,EMP1063,EMP1063/photo.jpg,EMP1063/aadhaar.pdf,EMP1063/pan.pdf,EMP1063/tenth.pdf,EMP1063/twelfth.pdf,EMP1063/tc.pdf,EMP1063/degree.pdf,EMP1063/experience.pdf
EMP1064,Nila Y,Sales,Software Engineer,emp1064@example.com,9559050299,11-08-1996,16-06-2020,EMP1064,EMP1064/photo.jpg,EMP1064/aadhaar.pdf,EMP1064/pan.pdf,EMP1064/tenth.pdf,EMP1064/twelfth.pdf,EMP1064/tc.pdf,EMP1064/degree.pdf,EMP1064/experience.pdf
EMP1065,Meena F,Support,Manager,emp1065@example.com,9441752756,27-11-1991,05-06-2024,EMP1065,EMP1065/photo.jpg,EMP1065/aadhaar.pdf,EMP1065/pan.pdf,EMP1065/tenth.pdf,EMP1065/twelfth.pdf,EMP1065/tc.pdf,EMP1065/degree.pdf,EMP1065/experience.pdf
EMP1066,Ananya X,AI,Developer,emp1066@example.com,9478302465,03-05-1999,18-02-2025,EMP1066,EMP1066/photo.jpg,EMP1066/aadhaar.pdf,EMP1066/pan.pdf,EMP1066/tenth.pdf,EMP1066/twelfth.pdf,EMP1066/tc.pdf,EMP1066/degree.pdf,EMP1066/experience.pdf
EMP1067,Riya W,AI,HR Executive,emp1067@example.com,9131811934,24-03-1995,18-08-2023,EMP1067,EMP1067/photo.jpg,EMP1067/aadhaar.pdf,EMP1067/pan.pdf,EMP1067/tenth.pdf,EMP1067/twelfth.pdf,EMP1067/tc.pdf,EMP1067/degree.pdf,EMP1067/experience.pdf
EMP1068,Ananya E,AI,Developer,emp1068@example.com,9960578086,02-09-1990,02-12-2025,EMP1068,EMP1068/photo.jpg,EMP1068/aadhaar.pdf,EMP1068/pan.pdf,EMP1068/tenth.pdf,EMP1068/twelfth.pdf,EMP1068/tc.pdf,EMP1068/degree.pdf,EMP1068/experience.pdf
EMP1069,Ananya I,Support,Software Engineer,emp1069@example.com,9941218463,21-01-1994,14-02-2020,EMP1069,EMP1069/photo.jpg,EMP1069/aadhaar.pdf,EMP1069/pan.pdf,EMP1069/tenth.pdf,EMP1069/twelfth.pdf,EMP1069/tc.pdf,EMP1069/degree.pdf,EMP1069/experience.pdf
EMP1070,Nila B,Support,HR Executive,emp1070@example.com,9656514862,10-11-1996,23-11-2021,EMP1070,EMP1070/photo.jpg,EMP1070/aadhaar.pdf,EMP1070/pan.pdf,EMP1070/tenth.pdf,EMP1070/twelfth.pdf,EMP1070/tc.pdf,EMP1070/degree.pdf,EMP1070/experience.pdf
EMP1071,Priya H,Finance,AI Engineer,emp1071@example.com,9568090229,22-04-1994,06-06-2022,EMP1071,EMP1071/photo.jpg,EMP1071/aadhaar.pdf,EMP1071/pan.pdf,EMP1071/tenth.pdf,EMP1071/twelfth.pdf,EMP1071/tc.pdf,EMP1071/degree.pdf,EMP1071/experience.pdf
EMP1072,Vihaan F,AI,AI Engineer,emp1072@example.com,9225836069,20-05-1990,15-12-2022,EMP1072,EMP1072/photo.jpg,EMP1072/aadhaar.pdf,EMP1072/pan.pdf,EMP1072/tenth.pdf,EMP1072/twelfth.pdf,EMP1072/tc.pdf,EMP1072/degree.pdf,EMP1072/experience.pdf
EMP1073,Guru E,Support,Software Engineer,emp1073@example.com,9484265943,01-09-1996,03-02-2021,EMP1073,EMP1073/photo.jpg,EMP1073/aadhaar.pdf,EMP1073/pan.pdf,EMP1073/tenth.pdf,EMP1073/twelfth.pdf,EMP1073/tc.pdf,EMP1073/degree.pdf,EMP1073/experience.pdf
EMP1074,Arjun A,AI,Manager,emp1074@example.com,9808524140,11-01-1996,01-06-2021,EMP1074,EMP1074/photo.jpg,EMP1074/aadhaar.pdf,EMP1074/pan.pdf,EMP1074/tenth.pdf,EMP1074/twelfth.pdf,EMP1074/tc.pdf,EMP1074/degree.pdf,EMP1074/experience.pdf
EMP1075,Kavin Z,Finance,Developer,emp1075@example.com,9096382662,11-04-1990,01-08-2022,EMP1075,EMP1075/photo.jpg,EMP1075/aadhaar.pdf,EMP1075/pan.pdf,EMP1075/tenth.pdf,EMP1075/twelfth.pdf,EMP1075/tc.pdf,EMP1075/degree.pdf,EMP1075/experience.pdf
EMP1076,Meena T,AI,Data Analyst,emp1076@example.com,9540557394,09-05-2001,27-07-2025,EMP1076,EMP1076/photo.jpg,EMP1076/aadhaar.pdf,EMP1076/pan.pdf,EMP1076/tenth.pdf,EMP1076/twelfth.pdf,EMP1076/tc.pdf,EMP1076/degree.pdf,EMP1076/experience.pdf
EMP1077,Ananya W,HR,HR Executive,emp1077@example.com,9168537321,23-07-1993,28-07-2020,EMP1077,EMP1077/photo.jpg,EMP1077/aadhaar.pdf,EMP1077/pan.pdf,EMP1077/tenth.pdf,EMP1077/twelfth.pdf,EMP1077/tc.pdf,EMP1077/degree.pdf,EMP1077/experience.pdf
EMP1078,Arjun C,Support,Software Engineer,emp1078@example.com,9212487425,14-02-1991,09-09-2025,EMP1078,EMP1078/photo.jpg,EMP1078/aadhaar.pdf,EMP1078/pan.pdf,EMP1078/tenth.pdf,EMP1078/twelfth.pdf,EMP1078/tc.pdf,EMP1078/degree.pdf,EMP1078/experience.pdf
EMP1079,Meena N,Sales,HR Executive,emp1079@example.com,9174539936,17-02-1990,23-05-2020,EMP1079,EMP1079/photo.jpg,EMP1079/aadhaar.pdf,EMP1079/pan.pdf,EMP1079/tenth.pdf,EMP1079/twelfth.pdf,EMP1079/tc.pdf,EMP1079/degree.pdf,EMP1079/experience.pdf
EMP1080,Aarav M,AI,AI Engineer,emp1080@example.com,9135401529,02-09-1994,16-09-2020,EMP1080,EMP1080/photo.jpg,EMP1080/aadhaar.pdf,EMP1080/pan.pdf,EMP1080/tenth.pdf,EMP1080/twelfth.pdf,EMP1080/tc.pdf,EMP1080/degree.pdf,EMP1080/experience.pdf
EMP1081,Arjun J,Support,Developer,emp1081@example.com,9929429951,25-02-1992,02-11-2023,EMP1081,EMP1081/photo.jpg,EMP1081/aadhaar.pdf,EMP1081/pan.pdf,EMP1081/tenth.pdf,EMP1081/twelfth.pdf,EMP1081/tc.pdf,EMP1081/degree.pdf,EMP1081/experience.pdf
EMP1082,Sai I,AI,Data Analyst,emp1082@example.com,9710404501,08-05-1997,06-05-2023,EMP1082,EMP1082/photo.jpg,EMP1082/aadhaar.pdf,EMP1082/pan.pdf,EMP1082/tenth.pdf,EMP1082/twelfth.pdf,EMP1082/tc.pdf,EMP1082/degree.pdf,EMP1082/experience.pdf
EMP1083,Riya K,HR,HR Executive,emp1083@example.com,9542780250,11-10-1997,11-12-2022,EMP1083,EMP1083/photo.jpg,EMP1083/aadhaar.pdf,EMP1083/pan.pdf,EMP1083/tenth.pdf,EMP1083/twelfth.pdf,EMP1083/tc.pdf,EMP1083/degree.pdf,EMP1083/experience.pdf
EMP1084,Vihaan Z,Sales,HR Executive,emp1084@example.com,9125496848,09-12-1996,01-12-2023,EMP1084,EMP1084/photo.jpg,EMP1084/aadhaar.pdf,EMP1084/pan.pdf,EMP1084/tenth.pdf,EMP1084/twelfth.pdf,EMP1084/tc.pdf,EMP1084/degree.pdf,EMP1084/experience.pdf
EMP1085,Vihaan X,Sales,Software Engineer,emp1085@example.com,9951059553,22-10-2001,15-04-2024,EMP1085,EMP1085/photo.jpg,EMP1085/aadhaar.pdf,EMP1085/pan.pdf,EMP1085/tenth.pdf,EMP1085/twelfth.pdf,EMP1085/tc.pdf,EMP1085/degree.pdf,EMP1085/experience.pdf
EMP1086,Riya J,Sales,Software Engineer,emp1086@example.com,9032439634,02-11-1999,05-03-2021,EMP1086,EMP1086/photo.jpg,EMP1086/aadhaar.pdf,EMP1086/pan.pdf,EMP1086/tenth.pdf,EMP1086/twelfth.pdf,EMP1086/tc.pdf,EMP1086/degree.pdf,EMP1086/experience.pdf
EMP1087,Ananya N,AI,Data Analyst,emp1087@example.com,9144405892,20-06-1999,25-02-2022,EMP1087,EMP1087/photo.jpg,EMP1087/aadhaar.pdf,EMP1087/pan.pdf,EMP1087/tenth.pdf,EMP1087/twelfth.pdf,EMP1087/tc.pdf,EMP1087/degree.pdf,EMP1087/experience.pdf
EMP1088,Aarav R,AI,Data Analyst,emp1088@example.com,9720791916,10-07-1995,14-12-2025,EMP1088,EMP1088/photo.jpg,EMP1088/aadhaar.pdf,EMP1088/pan.pdf,EMP1088/tenth.pdf,EMP1088/twelfth.pdf,EMP1088/tc.pdf,EMP1088/degree.pdf,EMP1088/experience.pdf
EMP1089,Guru Q,Finance,Data Analyst,emp1089@example.com,9056687438,10-11-1997,17-12-2021,EMP1089,EMP1089/photo.jpg,EMP1089/aadhaar.pdf,EMP1089/pan.pdf,EMP1089/tenth.pdf,EMP1089/twelfth.pdf,EMP1089/tc.pdf,EMP1089/degree.pdf,EMP1089/experience.pdf
EMP1090,Aarav K,AI,HR Executive,emp1090@example.com,9288435159,19-06-1999,27-12-2021,EMP1090,EMP1090/photo.jpg,EMP1090/aadhaar.pdf,EMP1090/pan.pdf,EMP1090/tenth.pdf,EMP1090/twelfth.pdf,EMP1090/tc.pdf,EMP1090/degree.pdf,EMP1090/experience.pdf
EMP1091,Priya H,HR,Data Analyst,emp1091@example.com,9492138824,18-10-1992,23-10-2025,EMP1091,EMP1091/photo.jpg,EMP1091/aadhaar.pdf,EMP1091/pan.pdf,EMP1091/tenth.pdf,EMP1091/twelfth.pdf,EMP1091/tc.pdf,EMP1091/degree.pdf,EMP1091/experience.pdf
EMP1092,Sai Y,AI,Software Engineer,emp1092@example.com,9306458167,20-06-1990,21-05-2021,EMP1092,EMP1092/photo.jpg,EMP1092/aadhaar.pdf,EMP1092/pan.pdf,EMP1092/tenth.pdf,EMP1092/twelfth.pdf,EMP1092/tc.pdf,EMP1092/degree.pdf,EMP1092/experience.pdf
EMP1093,Meena W,Finance,HR Executive,emp1093@example.com,9816376165,23-05-1998,26-01-2020,EMP1093,EMP1093/photo.jpg,EMP1093/aadhaar.pdf,EMP1093/pan.pdf,EMP1093/tenth.pdf,EMP1093/twelfth.pdf,EMP1093/tc.pdf,EMP1093/degree.pdf,EMP1093/experience.pdf
EMP1094,Ananya I,Finance,Manager,emp1094@example.com,9914585919,22-02-1999,18-10-2025,EMP1094,EMP1094/photo.jpg,EMP1094/aadhaar.pdf,EMP1094/pan.pdf,EMP1094/tenth.pdf,EMP1094/twelfth.pdf,EMP1094/tc.pdf,EMP1094/degree.pdf,EMP1094/experience.pdf
EMP1095,Riya N,Sales,AI Engineer,emp1095@example.com,9027708407,11-12-1992,27-02-2021,EMP1095,EMP1095/photo.jpg,EMP1095/aadhaar.pdf,EMP1095/pan.pdf,EMP1095/tenth.pdf,EMP1095/twelfth.pdf,EMP1095/tc.pdf,EMP1095/degree.pdf,EMP1095/experience.pdf
EMP1096,Riya P,Finance,AI Engineer,emp1096@example.com,9867859990,21-10-2000,25-04-2022,EMP1096,EMP1096/photo.jpg,EMP1096/aadhaar.pdf,EMP1096/pan.pdf,EMP1096/tenth.pdf,EMP1096/twelfth.pdf,EMP1096/tc.pdf,EMP1096/degree.pdf,EMP1096/experience.pdf
EMP1097,Priya S,Support,HR Executive,emp1097@example.com,9575962393,25-02-1993,07-12-2020,EMP1097,EMP1097/photo.jpg,EMP1097/aadhaar.pdf,EMP1097/pan.pdf,EMP1097/tenth.pdf,EMP1097/twelfth.pdf,EMP1097/tc.pdf,EMP1097/degree.pdf,EMP1097/experience.pdf
EMP1098,Kavin X,HR,HR Executive,emp1098@example.com,9115451652,14-10-1999,16-10-2023,EMP1098,EMP1098/photo.jpg,EMP1098/aadhaar.pdf,EMP1098/pan.pdf,EMP1098/tenth.pdf,EMP1098/twelfth.pdf,EMP1098/tc.pdf,EMP1098/degree.pdf,EMP1098/experience.pdf
EMP1099,Ananya L,AI,HR Executive,emp1099@example.com,9091124034,22-01-1990,27-04-2023,EMP1099,EMP1099/photo.jpg,EMP1099/aadhaar.pdf,EMP1099/pan.pdf,EMP1099/tenth.pdf,EMP1099/twelfth.pdf,EMP1099/tc.pdf,EMP1099/degree.pdf,EMP1099/experience.pdf
EMP1100,Guru O,Sales,Data Analyst,emp1100@example.com,9865520828,11-12-1997,25-04-2021,EMP1100,EMP1100/photo.jpg,EMP1100/aadhaar.pdf,EMP1100/pan.pdf,EMP1100/tenth.pdf,EMP1100/twelfth.pdf,EMP1100/tc.pdf,EMP1100/degree.pdf,EMP1100/experience.pdf
